-- MySQL dump 10.13  Distrib 8.0.21, for Win64 (x86_64)
--
-- Host: localhost    Database: student
-- ------------------------------------------------------
-- Server version	8.0.21

/*!40101 SET @OLD_CHARACTER_SET_CLIENT=@@CHARACTER_SET_CLIENT */;
/*!40101 SET @OLD_CHARACTER_SET_RESULTS=@@CHARACTER_SET_RESULTS */;
/*!40101 SET @OLD_COLLATION_CONNECTION=@@COLLATION_CONNECTION */;
/*!50503 SET NAMES utf8 */;
/*!40103 SET @OLD_TIME_ZONE=@@TIME_ZONE */;
/*!40103 SET TIME_ZONE='+00:00' */;
/*!40014 SET @OLD_UNIQUE_CHECKS=@@UNIQUE_CHECKS, UNIQUE_CHECKS=0 */;
/*!40014 SET @OLD_FOREIGN_KEY_CHECKS=@@FOREIGN_KEY_CHECKS, FOREIGN_KEY_CHECKS=0 */;
/*!40101 SET @OLD_SQL_MODE=@@SQL_MODE, SQL_MODE='NO_AUTO_VALUE_ON_ZERO' */;
/*!40111 SET @OLD_SQL_NOTES=@@SQL_NOTES, SQL_NOTES=0 */;

--
-- Table structure for table `exam`
--

DROP TABLE IF EXISTS `exam`;
/*!40101 SET @saved_cs_client     = @@character_set_client */;
/*!50503 SET character_set_client = utf8mb4 */;
CREATE TABLE `exam` (
  `id` int DEFAULT NULL,
  `title` varchar(50) DEFAULT NULL,
  `marks` varchar(3) DEFAULT NULL,
  `subject_id` int DEFAULT NULL,
  KEY `subject_id` (`subject_id`),
  CONSTRAINT `exam_ibfk_1` FOREIGN KEY (`subject_id`) REFERENCES `subject` (`id`)
) ENGINE=InnoDB DEFAULT CHARSET=utf8mb4 COLLATE=utf8mb4_0900_ai_ci;
/*!40101 SET character_set_client = @saved_cs_client */;

--
-- Dumping data for table `exam`
--

LOCK TABLES `exam` WRITE;
/*!40000 ALTER TABLE `exam` DISABLE KEYS */;
INSERT INTO `exam` VALUES (1,'Kanlam','100',9),(2,'Span','100',5),(3,'Duobam','100',1),(4,'Matsoft','100',7),(5,'Span','100',1),(6,'Tampflex','100',3),(7,'Kanlam','100',8),(8,'Trippledex','100',5),(9,'Stringtough','100',3),(10,'Vagram','100',3),(11,'Opela','100',6),(12,'Greenlam','100',5),(13,'Biodex','100',10),(14,'Sub-Ex','100',4),(15,'Voltsillam','100',3),(16,'Konklab','100',8),(17,'Subin','100',5),(18,'Zathin','100',1),(19,'Pannier','100',5),(20,'Transcof','100',3),(21,'Lotstring','100',2),(22,'Flowdesk','100',10),(23,'Y-Solowarm','100',9),(24,'Fix San','100',8),(25,'Vagram','100',9),(26,'Quo Lux','100',7),(27,'Span','100',7),(28,'Tempsoft','100',8),(29,'It','100',10),(30,'Fix San','100',5),(31,'Namfix','100',5),(32,'Namfix','100',7),(33,'Sonsing','100',6),(34,'Sonair','100',8),(35,'Fixflex','100',4),(36,'Stringtough','100',4),(37,'Fix San','100',7),(38,'Sub-Ex','100',9),(39,'Stim','100',5),(40,'Cardify','100',6),(41,'Quo Lux','100',5),(42,'Wrapsafe','100',10),(43,'Bitwolf','100',2),(44,'Tresom','100',4),(45,'Tempsoft','100',9),(46,'Wrapsafe','100',5),(47,'Cardify','100',8),(48,'Tampflex','100',4),(49,'Mat Lam Tam','100',7),(50,'Stim','100',3);
/*!40000 ALTER TABLE `exam` ENABLE KEYS */;
UNLOCK TABLES;

--
-- Table structure for table `student`
--

DROP TABLE IF EXISTS `student`;
/*!40101 SET @saved_cs_client     = @@character_set_client */;
/*!50503 SET character_set_client = utf8mb4 */;
CREATE TABLE `student` (
  `id` int DEFAULT NULL,
  `first_name` varchar(50) DEFAULT NULL,
  `prn` int DEFAULT NULL,
  `year` varchar(1) DEFAULT NULL
) ENGINE=InnoDB DEFAULT CHARSET=utf8mb4 COLLATE=utf8mb4_0900_ai_ci;
/*!40101 SET character_set_client = @saved_cs_client */;

--
-- Dumping data for table `student`
--

LOCK TABLES `student` WRITE;
/*!40000 ALTER TABLE `student` DISABLE KEYS */;
INSERT INTO `student` VALUES (1,'Kelly',180701646,'4'),(2,'Calida',180701810,'1'),(3,'Aubrey',180701024,'3'),(4,'Kassey',180701319,'2'),(5,'Ibby',180701024,'3'),(6,'Austine',180701844,'4'),(7,'Nicoline',180701138,'3'),(8,'Colette',180701817,'4'),(9,'Tomasine',180701701,'2'),(10,'Delmor',180701178,'4'),(11,'Abbe',180701223,'1'),(12,'Ancell',180701613,'4'),(13,'Markus',180701186,'3'),(14,'Toby',180701401,'4'),(15,'Chancey',180701634,'1'),(16,'Joanne',180701339,'2'),(17,'Ivonne',180701726,'4'),(18,'Glyn',180701124,'2'),(19,'Laetitia',180701214,'2'),(20,'Cortney',180701418,'2'),(21,'Nappie',180701795,'3'),(22,'Garey',180701891,'2'),(23,'Elva',180701224,'3'),(24,'Ingeborg',180701708,'2'),(25,'Alvina',180701731,'3'),(26,'Egon',180701764,'2'),(27,'Paolina',180701465,'3'),(28,'Gard',180701290,'1'),(29,'Jule',180701220,'3'),(30,'Teodor',180701542,'1'),(31,'Adelaide',180701832,'3'),(32,'Dana',180701030,'3'),(33,'Pearla',180701197,'3'),(34,'Vanna',180701182,'4'),(35,'Caressa',180701471,'1'),(36,'Natalie',180701006,'1'),(37,'Amara',180701682,'2'),(38,'Gregor',180701953,'3'),(39,'Lonny',180701665,'4'),(40,'Jarred',180701897,'2'),(41,'Hortensia',180701712,'2'),(42,'Emalia',180701943,'3'),(43,'Elvera',180701297,'1'),(44,'Pearla',180701703,'2'),(45,'Joellen',180701692,'3'),(46,'Arlinda',180701816,'3'),(47,'Annie',180701164,'3'),(48,'Cristiano',180701308,'1'),(49,'Kimball',180701079,'1'),(50,'Burch',180701010,'3'),(51,'Phyllida',180701905,'1'),(52,'Johna',180701847,'4'),(53,'Justis',180701459,'3'),(54,'Ches',180701358,'2'),(55,'Susann',180701282,'1'),(56,'Starr',180701049,'1'),(57,'Lindsay',180701310,'2'),(58,'Derwin',180701749,'2'),(59,'Vivian',180701642,'4'),(60,'Benoite',180701623,'1'),(61,'Cari',180701696,'4'),(62,'Sam',180701239,'4'),(63,'Leanna',180701527,'2'),(64,'Elsey',180701976,'4'),(65,'Ev',180701763,'4'),(66,'Marin',180701936,'3'),(67,'Cris',180701129,'2'),(68,'Ariadne',180701126,'4'),(69,'Haskel',180701365,'1'),(70,'Taite',180701493,'1'),(71,'Cami',180701396,'1'),(72,'Timmy',180701209,'3'),(73,'Roderic',180701520,'4'),(74,'Winthrop',180701113,'2'),(75,'Camila',180701183,'4'),(76,'Garfield',180701016,'2'),(77,'Sonya',180701955,'3'),(78,'Griffith',180701339,'4'),(79,'Hertha',180701831,'4'),(80,'Brennan',180701844,'2'),(81,'Shelton',180701402,'2'),(82,'Lonnard',180701990,'3'),(83,'Nathanil',180701075,'3'),(84,'Vania',180701345,'1'),(85,'Irving',180701239,'3'),(86,'Jacquie',180701635,'1'),(87,'Nessie',180701244,'2'),(88,'Michael',180701606,'1'),(89,'Jennie',180701279,'2'),(90,'Dayna',180701193,'3'),(91,'Nance',180701831,'4'),(92,'Laurella',180701292,'3'),(93,'Gigi',180701735,'3'),(94,'Bibby',180701178,'3'),(95,'Win',180701333,'4'),(96,'Anjanette',180701275,'1'),(97,'Alanson',180701047,'3'),(98,'Baudoin',180701058,'4'),(99,'Stanwood',180701196,'4'),(100,'Gerhardt',180701972,'4'),(101,'Astrix',180701019,'3'),(102,'Ardyce',180701836,'1'),(103,'Leonid',180701828,'4'),(104,'Saudra',180701258,'4'),(105,'Rupert',180701844,'4'),(106,'Florri',180701584,'1'),(107,'Diego',180701760,'1'),(108,'Wyndham',180701427,'1'),(109,'Aguistin',180701372,'2'),(110,'Sidonia',180701551,'4'),(111,'Maximilianus',180701320,'4'),(112,'Moses',180701144,'1'),(113,'Teddie',180701983,'1'),(114,'Domenico',180701421,'4'),(115,'Carol',180701820,'2'),(116,'Tanney',180701994,'1'),(117,'Tomkin',180701558,'1'),(118,'Renato',180701828,'3'),(119,'Hammad',180701820,'2'),(120,'Sherri',180701279,'2'),(121,'Odelia',180701267,'3'),(122,'Patrice',180701067,'4'),(123,'Clarissa',180701854,'1'),(124,'Kally',180701668,'1'),(125,'Zenia',180701819,'2'),(126,'Francine',180701762,'3'),(127,'Hilary',180701940,'1'),(128,'Hy',180701687,'1'),(129,'Andeee',180701918,'1'),(130,'Skelly',180701543,'4'),(131,'Lorna',180701297,'3'),(132,'Arluene',180701225,'4'),(133,'Evangelina',180701263,'4'),(134,'Olivier',180701068,'3'),(135,'Gradeigh',180701726,'1'),(136,'Ana',180701975,'2'),(137,'Dino',180701365,'4'),(138,'Sidonia',180701182,'3'),(139,'Collete',180701579,'1'),(140,'Caesar',180701979,'1'),(141,'Diandra',180701862,'3'),(142,'Jaime',180701359,'2'),(143,'Aveline',180701919,'2'),(144,'Clarence',180701146,'4'),(145,'Ashil',180701957,'4'),(146,'Libbie',180701683,'4'),(147,'Meyer',180701394,'2'),(148,'Gloriana',180701756,'2'),(149,'Towny',180701862,'3'),(150,'Jillie',180701778,'4'),(151,'Brena',180701476,'2'),(152,'Mozelle',180701492,'4'),(153,'Julia',180701742,'4'),(154,'Michael',180701234,'1'),(155,'Web',180701001,'2'),(156,'Lacey',180701314,'3'),(157,'Elna',180701801,'4'),(158,'Zedekiah',180701534,'3'),(159,'Darby',180701997,'2'),(160,'Lorraine',180701078,'3'),(161,'Cross',180701015,'4'),(162,'Goldy',180701831,'3'),(163,'Emmerich',180701739,'1'),(164,'Bobinette',180701431,'2'),(165,'Ellery',180701811,'4'),(166,'Jolynn',180701549,'3'),(167,'Charmine',180701662,'2'),(168,'Bidget',180701189,'3'),(169,'Slade',180701328,'2'),(170,'Charlotte',180701894,'2'),(171,'Joyan',180701366,'3'),(172,'Catina',180701563,'3'),(173,'Joellen',180701217,'3'),(174,'Gwenneth',180701421,'4'),(175,'Archibaldo',180701862,'3'),(176,'Traci',180701353,'3'),(177,'Brewster',180701665,'3'),(178,'Margery',180701249,'3'),(179,'Janet',180701835,'1'),(180,'Mikol',180701017,'1'),(181,'Zollie',180701679,'4'),(182,'Lishe',180701326,'4'),(183,'Felicio',180701987,'3'),(184,'Phillis',180701287,'2'),(185,'Emilee',180701522,'1'),(186,'Sher',180701299,'2'),(187,'Ottilie',180701196,'3'),(188,'Roobbie',180701867,'3'),(189,'Justinian',180701400,'4'),(190,'Anita',180701147,'4'),(191,'Parrnell',180701763,'4'),(192,'Aeriela',180701799,'1'),(193,'Toiboid',180701476,'2'),(194,'Caterina',180701675,'2'),(195,'Jori',180701030,'3'),(196,'Ludovika',180701707,'3'),(197,'Jamaal',180701446,'4'),(198,'Garret',180701314,'2'),(199,'Esdras',180701482,'4'),(200,'Lorine',180701058,'1'),(201,'Sheffie',180701243,'3'),(202,'Alleen',180701449,'3'),(203,'Archer',180701012,'3'),(204,'Nannie',180701308,'1'),(205,'Melosa',180701036,'1'),(206,'Allianora',180701795,'1'),(207,'Anselm',180701758,'4'),(208,'Clarisse',180701752,'3'),(209,'Pepi',180701302,'2'),(210,'Hortensia',180701400,'2'),(211,'Ty',180701509,'3'),(212,'Levey',180701424,'3'),(213,'Koenraad',180701449,'4'),(214,'Natale',180701966,'4'),(215,'Dacy',180701274,'2'),(216,'Bernhard',180701529,'3'),(217,'Ruprecht',180701488,'4'),(218,'Sonny',180701368,'3'),(219,'Ellene',180701641,'1'),(220,'Frederich',180701003,'3'),(221,'Augusta',180701125,'2'),(222,'Lowe',180701550,'4'),(223,'Vincents',180701122,'3'),(224,'Cyndia',180701871,'3'),(225,'Laverne',180701888,'3'),(226,'Egbert',180701368,'4'),(227,'Leone',180701257,'4'),(228,'Amil',180701436,'2'),(229,'Had',180701894,'1'),(230,'Jackie',180701010,'2'),(231,'Edwin',180701758,'4'),(232,'Aggi',180701578,'3'),(233,'Tracy',180701604,'3'),(234,'Max',180701375,'4'),(235,'Dana',180701209,'4'),(236,'Kassi',180701650,'4'),(237,'Uriah',180701767,'3'),(238,'Emmet',180701996,'4'),(239,'Pepito',180701848,'4'),(240,'Stephan',180701414,'3'),(241,'Giana',180701946,'1'),(242,'Marty',180701408,'4'),(243,'Giulia',180701483,'4'),(244,'Hali',180701579,'1'),(245,'Vidovik',180701084,'1'),(246,'Ainslie',180701594,'1'),(247,'Cirstoforo',180701940,'1'),(248,'Elisha',180701917,'4'),(249,'Jackelyn',180701456,'2'),(250,'Cara',180701632,'2'),(251,'Kerstin',180701968,'3'),(252,'Lynett',180701143,'4'),(253,'Erick',180701943,'1'),(254,'Ali',180701000,'4'),(255,'Pernell',180701386,'3'),(256,'Tildi',180701851,'2'),(257,'Vladimir',180701743,'3'),(258,'Nadya',180701694,'2'),(259,'Mathias',180701570,'3'),(260,'Colline',180701899,'2'),(261,'Farica',180701060,'2'),(262,'Sharia',180701360,'1'),(263,'Giffie',180701288,'4'),(264,'Lynde',180701371,'2'),(265,'Lemar',180701125,'1'),(266,'Joy',180701564,'2'),(267,'Faunie',180701800,'2'),(268,'Kip',180701927,'3'),(269,'Beverley',180701499,'2'),(270,'Ashley',180701875,'2'),(271,'Mary',180701708,'3'),(272,'Michaela',180701540,'4'),(273,'Jonathon',180701473,'4'),(274,'Arch',180701626,'2'),(275,'Howard',180701985,'2'),(276,'Fredra',180701153,'3'),(277,'Prissie',180701155,'4'),(278,'Hogan',180701324,'4'),(279,'Sutherlan',180701136,'2'),(280,'Neala',180701450,'1'),(281,'Joelie',180701117,'4'),(282,'Betsy',180701828,'2'),(283,'Rex',180701529,'4'),(284,'Zebulen',180701529,'4'),(285,'Maurie',180701275,'1'),(286,'Kali',180701644,'4'),(287,'Troy',180701233,'1'),(288,'Clayton',180701052,'3'),(289,'Margie',180701602,'1'),(290,'Hilary',180701804,'1'),(291,'Colver',180701375,'4'),(292,'Grant',180701804,'2'),(293,'Washington',180701443,'1'),(294,'Gabriel',180701768,'1'),(295,'Jasmin',180701431,'4'),(296,'Maximilien',180701013,'3'),(297,'Reinaldo',180701495,'1'),(298,'Sherwin',180701025,'1'),(299,'Kally',180701814,'4'),(300,'Tracie',180701314,'4'),(301,'Amil',180701705,'4'),(302,'Tan',180701884,'4'),(303,'Walton',180701044,'1'),(304,'Elsie',180701979,'2'),(305,'Midge',180701067,'3'),(306,'Godart',180701814,'1'),(307,'Avrit',180701072,'1'),(308,'Melessa',180701427,'2'),(309,'Harold',180701237,'1'),(310,'Vaclav',180701829,'4'),(311,'De',180701088,'2'),(312,'Claire',180701647,'4'),(313,'Jermayne',180701215,'2'),(314,'Trace',180701835,'4'),(315,'Zak',180701605,'2'),(316,'Rod',180701466,'1'),(317,'Blinnie',180701490,'1'),(318,'Paolo',180701488,'3'),(319,'Regan',180701697,'1'),(320,'Myrle',180701780,'2'),(321,'Joann',180701807,'3'),(322,'Boyce',180701634,'1'),(323,'Tresa',180701366,'3'),(324,'Tandi',180701382,'4'),(325,'Faustine',180701393,'3'),(326,'Kris',180701733,'3'),(327,'Allissa',180701787,'1'),(328,'Chan',180701940,'4'),(329,'Brandtr',180701446,'4'),(330,'Clay',180701183,'2'),(331,'Alexi',180701737,'4'),(332,'Kaia',180701992,'3'),(333,'Oates',180701443,'2'),(334,'Phebe',180701875,'2'),(335,'Clarie',180701577,'3'),(336,'Bryanty',180701196,'3'),(337,'Nananne',180701855,'1'),(338,'Drusi',180701650,'4'),(339,'Florencia',180701423,'2'),(340,'Janey',180701478,'2'),(341,'Nissa',180701136,'3'),(342,'Gibb',180701992,'3'),(343,'Shaina',180701466,'2'),(344,'Gracie',180701052,'2'),(345,'Tomas',180701399,'2'),(346,'Shandeigh',180701176,'1'),(347,'Sharona',180701985,'4'),(348,'Eugen',180701157,'4'),(349,'Druci',180701762,'1'),(350,'Eldon',180701047,'3'),(351,'Doloritas',180701925,'4'),(352,'Ludvig',180701063,'1'),(353,'Benoite',180701861,'4'),(354,'Fraze',180701774,'3'),(355,'Marty',180701179,'2'),(356,'Vale',180701925,'4'),(357,'Henrik',180701865,'3'),(358,'Marla',180701595,'1'),(359,'Calla',180701623,'1'),(360,'Ted',180701050,'1'),(361,'Alene',180701071,'4'),(362,'Gerrilee',180701034,'2'),(363,'Daryl',180701011,'1'),(364,'Guilbert',180701237,'2'),(365,'Tisha',180701604,'4'),(366,'Guenna',180701016,'4'),(367,'Elaina',180701988,'4'),(368,'Hyacintha',180701150,'2'),(369,'Peggy',180701265,'4'),(370,'Dougie',180701493,'3'),(371,'Sara',180701142,'2'),(372,'Ulrica',180701282,'3'),(373,'Padgett',180701082,'1'),(374,'Adler',180701923,'2'),(375,'Sophey',180701090,'2'),(376,'Egon',180701849,'1'),(377,'Chip',180701662,'4'),(378,'Urbain',180701514,'2'),(379,'Jamima',180701044,'1'),(380,'Carny',180701381,'1'),(381,'Marisa',180701186,'2'),(382,'Adham',180701741,'2'),(383,'Edi',180701275,'4'),(384,'Larissa',180701529,'1'),(385,'Corey',180701748,'2'),(386,'Rriocard',180701898,'4'),(387,'Floyd',180701105,'3'),(388,'Emmit',180701484,'4'),(389,'Seymour',180701148,'4'),(390,'Lissy',180701461,'1'),(391,'Kermy',180701350,'1'),(392,'Romain',180701572,'2'),(393,'Emalia',180701009,'4'),(394,'Iago',180701358,'4'),(395,'Cole',180701791,'1'),(396,'Loy',180701644,'4'),(397,'Thaxter',180701261,'1'),(398,'Haleigh',180701672,'1'),(399,'Mellisa',180701369,'3'),(400,'Shea',180701696,'1'),(401,'Leticia',180701907,'1'),(402,'Leslie',180701621,'1'),(403,'Merridie',180701437,'1'),(404,'Dodi',180701957,'4'),(405,'Phyllis',180701820,'2'),(406,'Shea',180701730,'3'),(407,'Emelina',180701809,'4'),(408,'Harlan',180701743,'1'),(409,'Thorndike',180701777,'4'),(410,'Dottie',180701425,'4'),(411,'Ambrosi',180701413,'1'),(412,'Joli',180701070,'4'),(413,'Dru',180701761,'2'),(414,'Carley',180701934,'3'),(415,'Omero',180701476,'4'),(416,'Ransell',180701919,'3'),(417,'Ilyssa',180701218,'2'),(418,'Alair',180701193,'1'),(419,'Clevey',180701265,'2'),(420,'Sonnie',180701569,'2'),(421,'Frederich',180701183,'4'),(422,'Yurik',180701490,'2'),(423,'Carroll',180701990,'1'),(424,'Woodie',180701952,'2'),(425,'Reagan',180701260,'1'),(426,'Shirley',180701424,'3'),(427,'Niven',180701897,'3'),(428,'Alethea',180701105,'3'),(429,'Lorin',180701417,'2'),(430,'Eada',180701290,'3'),(431,'Reuven',180701551,'4'),(432,'Sal',180701819,'1'),(433,'Bernice',180701083,'3'),(434,'Zelig',180701966,'3'),(435,'Beatriz',180701832,'1'),(436,'Gav',180701844,'4'),(437,'Lyn',180701120,'2'),(438,'Townie',180701362,'1'),(439,'Maighdiln',180701677,'3'),(440,'Rodina',180701333,'3'),(441,'Elisabeth',180701878,'4'),(442,'Sebastiano',180701887,'4'),(443,'Craig',180701101,'4'),(444,'Gaylor',180701589,'3'),(445,'Welch',180701298,'2'),(446,'Denise',180701705,'3'),(447,'Dillie',180701573,'2'),(448,'Brendan',180701556,'4'),(449,'Ryun',180701145,'1'),(450,'Leisha',180701605,'3'),(451,'Tallou',180701687,'4'),(452,'Farica',180701793,'4'),(453,'Rowen',180701091,'2'),(454,'Saraann',180701501,'1'),(455,'Katinka',180701872,'2'),(456,'Glori',180701095,'4'),(457,'Camila',180701729,'1'),(458,'Brandi',180701292,'4'),(459,'Wendeline',180701278,'2'),(460,'Corabella',180701904,'3'),(461,'Valentine',180701343,'2'),(462,'Sophronia',180701165,'1'),(463,'Daryn',180701930,'2'),(464,'Natassia',180701100,'2'),(465,'Star',180701440,'4'),(466,'Wallis',180701568,'4'),(467,'Genia',180701693,'3'),(468,'Gaspard',180701306,'2'),(469,'Ingeborg',180701322,'1'),(470,'Chevy',180701714,'2'),(471,'Miguel',180701372,'1'),(472,'Berkley',180701659,'2'),(473,'Jerad',180701348,'2'),(474,'Hallsy',180701380,'3'),(475,'Heath',180701749,'2'),(476,'Rolf',180701359,'3'),(477,'Gabi',180701670,'4'),(478,'Sherwood',180701798,'2'),(479,'Georges',180701079,'3'),(480,'Winnifred',180701660,'2'),(481,'Kathleen',180701859,'4'),(482,'Joyce',180701006,'2'),(483,'Quentin',180701285,'3'),(484,'Barris',180701491,'1'),(485,'Edd',180701944,'3'),(486,'Waylen',180701371,'3'),(487,'Sanders',180701424,'1'),(488,'Kilian',180701251,'4'),(489,'Ashlie',180701947,'2'),(490,'Shaun',180701603,'1'),(491,'Jake',180701812,'3'),(492,'Reggy',180701980,'3'),(493,'Ellie',180701916,'2'),(494,'Hobey',180701824,'3'),(495,'Mia',180701114,'4'),(496,'Taryn',180701350,'1'),(497,'Rickard',180701637,'3'),(498,'Bobbie',180701040,'1'),(499,'Kameko',180701399,'4'),(500,'Lori',180701103,'4'),(501,'Town',180701298,'3'),(502,'Sheridan',180701987,'4'),(503,'Cammy',180701101,'4'),(504,'Conan',180701926,'4'),(505,'Cyrus',180701424,'3'),(506,'Caryl',180701021,'2'),(507,'Brittany',180701039,'4'),(508,'Orrin',180701900,'2'),(509,'Manolo',180701030,'4'),(510,'Curry',180701274,'4'),(511,'Elnora',180701560,'3'),(512,'Moshe',180701105,'2'),(513,'Shaine',180701263,'1'),(514,'Roxi',180701812,'3'),(515,'Lurlene',180701495,'4'),(516,'Babbie',180701736,'3'),(517,'Emile',180701872,'1'),(518,'Abbey',180701820,'2'),(519,'Alina',180701155,'3'),(520,'Spencer',180701397,'2'),(521,'Wrennie',180701563,'4'),(522,'Wilow',180701270,'2'),(523,'Field',180701009,'4'),(524,'Clara',180701634,'3'),(525,'Nevil',180701105,'2'),(526,'Jourdain',180701814,'1'),(527,'Tull',180701358,'3'),(528,'Damian',180701204,'2'),(529,'Sadie',180701446,'2'),(530,'Dilly',180701058,'3'),(531,'Hazel',180701174,'2'),(532,'Towny',180701568,'4'),(533,'Meris',180701599,'3'),(534,'Mathian',180701422,'3'),(535,'Mohandas',180701495,'4'),(536,'Aurilia',180701360,'2'),(537,'Leanora',180701063,'2'),(538,'Bette-ann',180701013,'1'),(539,'Wilhelmine',180701954,'1'),(540,'Myrtie',180701003,'2'),(541,'Babara',180701976,'1'),(542,'Chloe',180701408,'2'),(543,'Demetra',180701386,'4'),(544,'Huntington',180701373,'4'),(545,'Chev',180701796,'1'),(546,'Delora',180701748,'4'),(547,'Ashley',180701223,'3'),(548,'Edith',180701971,'1'),(549,'Anatollo',180701436,'2'),(550,'Ginelle',180701024,'3'),(551,'Flss',180701424,'1'),(552,'Gaby',180701840,'4'),(553,'Janith',180701513,'3'),(554,'Keane',180701205,'3'),(555,'Gustavo',180701875,'3'),(556,'Waldemar',180701339,'2'),(557,'Dulcie',180701416,'1'),(558,'Inge',180701420,'4'),(559,'Harli',180701117,'3'),(560,'Codi',180701160,'4'),(561,'Winfield',180701600,'3'),(562,'Dalenna',180701873,'4'),(563,'Polly',180701346,'4'),(564,'Caldwell',180701673,'4'),(565,'Marsh',180701203,'1'),(566,'Kesley',180701037,'4'),(567,'Locke',180701643,'2'),(568,'Neale',180701724,'2'),(569,'Gerard',180701214,'1'),(570,'Catha',180701624,'3'),(571,'Abby',180701235,'4'),(572,'Starla',180701919,'1'),(573,'Alena',180701045,'1'),(574,'Efren',180701210,'1'),(575,'Carver',180701502,'4'),(576,'Uta',180701312,'2'),(577,'Winnifred',180701364,'3'),(578,'Berta',180701876,'4'),(579,'Boone',180701584,'1'),(580,'Blake',180701859,'4'),(581,'Aguste',180701197,'3'),(582,'Ninnette',180701111,'3'),(583,'Marcy',180701140,'2'),(584,'Aguistin',180701943,'1'),(585,'Keri',180701313,'4'),(586,'Freddi',180701384,'3'),(587,'Rod',180701508,'3'),(588,'Tootsie',180701263,'3'),(589,'Tracy',180701039,'1'),(590,'Elihu',180701113,'3'),(591,'Paul',180701513,'4'),(592,'Vernice',180701200,'1'),(593,'Sly',180701389,'2'),(594,'Gordy',180701490,'3'),(595,'Milty',180701422,'3'),(596,'Alleen',180701665,'4'),(597,'Griz',180701502,'3'),(598,'Sherie',180701045,'1'),(599,'Brandtr',180701061,'3'),(600,'Montague',180701897,'2'),(601,'Maxwell',180701085,'1'),(602,'Corella',180701702,'4'),(603,'Junie',180701786,'1'),(604,'Joellen',180701656,'4'),(605,'Aile',180701117,'4'),(606,'Brice',180701457,'3'),(607,'Harman',180701355,'3'),(608,'Daffy',180701889,'1'),(609,'Clarissa',180701932,'4'),(610,'Gearard',180701482,'4'),(611,'Stacy',180701032,'1'),(612,'Riccardo',180701262,'4'),(613,'Wittie',180701291,'4'),(614,'Olga',180701463,'3'),(615,'Teador',180701972,'3'),(616,'Jeth',180701414,'4'),(617,'Innis',180701165,'3'),(618,'Sergei',180701425,'2'),(619,'Patsy',180701448,'4'),(620,'Bobby',180701374,'2'),(621,'Cortie',180701143,'1'),(622,'Camila',180701655,'4'),(623,'Doris',180701443,'1'),(624,'Olly',180701816,'3'),(625,'Jemima',180701630,'2'),(626,'Jenelle',180701090,'2'),(627,'Angeline',180701928,'4'),(628,'Ardys',180701253,'4'),(629,'Keith',180701242,'2'),(630,'Gaile',180701836,'4'),(631,'Devin',180701427,'3'),(632,'Merrielle',180701585,'4'),(633,'Renado',180701218,'4'),(634,'Darb',180701738,'4'),(635,'Gleda',180701339,'1'),(636,'Saloma',180701325,'1'),(637,'Caye',180701150,'1'),(638,'Griffith',180701732,'1'),(639,'Shadow',180701864,'3'),(640,'Sammie',180701444,'2'),(641,'Nonah',180701162,'2'),(642,'Cyrillus',180701411,'2'),(643,'Anna-diane',180701023,'4'),(644,'Fernandina',180701195,'2'),(645,'Ilise',180701826,'3'),(646,'Thornie',180701540,'3'),(647,'Elisabetta',180701185,'3'),(648,'Wade',180701844,'1'),(649,'Wilek',180701814,'3'),(650,'Tiertza',180701597,'1'),(651,'Steve',180701808,'2'),(652,'Kathryne',180701371,'1'),(653,'Karmen',180701622,'4'),(654,'Kathie',180701776,'4'),(655,'Hilliard',180701937,'3'),(656,'Cynthia',180701582,'3'),(657,'Rosanne',180701811,'1'),(658,'Ramona',180701780,'2'),(659,'Sheryl',180701433,'2'),(660,'Art',180701879,'3'),(661,'Cari',180701287,'3'),(662,'Essa',180701477,'2'),(663,'Valida',180701188,'1'),(664,'Rebekkah',180701732,'1'),(665,'Leroi',180701976,'3'),(666,'Peg',180701767,'3'),(667,'Reid',180701419,'1'),(668,'Latisha',180701604,'4'),(669,'Elwin',180701391,'4'),(670,'Jeremias',180701753,'1'),(671,'Pernell',180701211,'3'),(672,'Kerrie',180701678,'3'),(673,'Griff',180701684,'3'),(674,'Kendell',180701432,'1'),(675,'Esma',180701518,'1'),(676,'Philippa',180701625,'4'),(677,'Phyllida',180701256,'1'),(678,'Dilly',180701548,'1'),(679,'Duane',180701906,'2'),(680,'Lela',180701893,'2'),(681,'Pancho',180701761,'2'),(682,'Daffy',180701029,'3'),(683,'Tatum',180701325,'2'),(684,'Aigneis',180701174,'4'),(685,'Jolyn',180701194,'1'),(686,'Rustie',180701627,'4'),(687,'Adrienne',180701290,'2'),(688,'Nalani',180701654,'4'),(689,'Vern',180701622,'1'),(690,'Rebeca',180701266,'4'),(691,'Moyna',180701010,'3'),(692,'Ayn',180701311,'3'),(693,'Livy',180701116,'3'),(694,'Alina',180701694,'2'),(695,'Petronella',180701029,'3'),(696,'Dyane',180701693,'3'),(697,'Sibley',180701248,'2'),(698,'Odelle',180701233,'3'),(699,'Juline',180701280,'3'),(700,'Bevin',180701419,'2'),(701,'Merralee',180701505,'4'),(702,'Jeffy',180701008,'3'),(703,'Martynne',180701814,'2'),(704,'Mercy',180701390,'1'),(705,'Joleen',180701578,'2'),(706,'Constancia',180701040,'1'),(707,'Florella',180701446,'3'),(708,'Kendre',180701082,'1'),(709,'Reinold',180701244,'4'),(710,'Iain',180701778,'2'),(711,'Myrlene',180701268,'2'),(712,'Had',180701602,'1'),(713,'Bartholomeus',180701522,'3'),(714,'Antonino',180701139,'4'),(715,'Maurits',180701617,'4'),(716,'Zora',180701774,'4'),(717,'Mikey',180701104,'4'),(718,'Lem',180701916,'4'),(719,'Danie',180701973,'1'),(720,'Adlai',180701174,'2'),(721,'Tobi',180701989,'2'),(722,'Kore',180701752,'2'),(723,'Hill',180701948,'2'),(724,'Finlay',180701136,'1'),(725,'Gerri',180701035,'2'),(726,'Keenan',180701497,'1'),(727,'Emiline',180701783,'2'),(728,'Guntar',180701262,'2'),(729,'Rorke',180701513,'4'),(730,'Koo',180701777,'2'),(731,'Annetta',180701169,'3'),(732,'Cammi',180701951,'4'),(733,'Odele',180701166,'2'),(734,'Hazlett',180701247,'2'),(735,'Darleen',180701506,'1'),(736,'Truda',180701783,'2'),(737,'Darrick',180701654,'4'),(738,'Charlotta',180701699,'2'),(739,'Mallissa',180701454,'2'),(740,'Townie',180701978,'4'),(741,'Rab',180701643,'3'),(742,'Carney',180701264,'4'),(743,'Cacilia',180701019,'4'),(744,'Bondy',180701504,'1'),(745,'Everett',180701636,'3'),(746,'Chuck',180701484,'4'),(747,'Helli',180701587,'4'),(748,'Edan',180701379,'4'),(749,'Mavra',180701358,'4'),(750,'Tammara',180701870,'2'),(751,'Ruperto',180701453,'2'),(752,'Gavin',180701654,'2'),(753,'Daisy',180701689,'1'),(754,'Stephana',180701537,'1'),(755,'Brit',180701333,'4'),(756,'Colin',180701498,'3'),(757,'Lothario',180701682,'3'),(758,'Aubrette',180701551,'1'),(759,'Siegfried',180701438,'1'),(760,'Zsazsa',180701326,'3'),(761,'Guilbert',180701225,'1'),(762,'Berni',180701122,'2'),(763,'Melina',180701729,'3'),(764,'Elva',180701816,'4'),(765,'Tomasina',180701550,'4'),(766,'Willem',180701373,'4'),(767,'Micki',180701549,'2'),(768,'Travis',180701648,'2'),(769,'Katlin',180701515,'2'),(770,'Lynnell',180701065,'1'),(771,'Jesse',180701419,'1'),(772,'Rodie',180701052,'4'),(773,'Harriette',180701828,'3'),(774,'Davine',180701545,'1'),(775,'Oren',180701683,'4'),(776,'Torey',180701031,'1'),(777,'Vi',180701243,'1'),(778,'Julia',180701136,'4'),(779,'Philly',180701604,'2'),(780,'Antone',180701887,'2'),(781,'Henrietta',180701957,'2'),(782,'Giustina',180701976,'2'),(783,'Horatia',180701185,'2'),(784,'Gerrard',180701784,'4'),(785,'Lazare',180701105,'2'),(786,'Antonetta',180701426,'2'),(787,'Hardy',180701899,'3'),(788,'Sayre',180701449,'2'),(789,'Cindy',180701939,'3'),(790,'Theodoric',180701259,'2'),(791,'Dayle',180701135,'2'),(792,'Elonore',180701354,'4'),(793,'Ina',180701656,'3'),(794,'Millicent',180701105,'3'),(795,'Elwood',180701413,'2'),(796,'Virgie',180701060,'2'),(797,'Linette',180701476,'1'),(798,'Rosabelle',180701571,'3'),(799,'Talbot',180701154,'1'),(800,'Heath',180701488,'4'),(801,'Dora',180701350,'3'),(802,'Annmarie',180701634,'3'),(803,'Debera',180701923,'2'),(804,'Pammy',180701172,'4'),(805,'Emmalynn',180701475,'3'),(806,'Sophi',180701670,'2'),(807,'Casey',180701457,'2'),(808,'Lenette',180701533,'4'),(809,'Gearard',180701373,'4'),(810,'Spenser',180701834,'3'),(811,'Panchito',180701604,'1'),(812,'Euphemia',180701815,'4'),(813,'Johnnie',180701682,'3'),(814,'Lyndsie',180701256,'4'),(815,'Aloysia',180701457,'2'),(816,'Owen',180701272,'1'),(817,'Thoma',180701531,'4'),(818,'Caesar',180701407,'3'),(819,'Mohandas',180701632,'3'),(820,'Aveline',180701725,'3'),(821,'Peyton',180701906,'2'),(822,'Augustus',180701849,'2'),(823,'Elli',180701871,'3'),(824,'Abbey',180701710,'1'),(825,'Cassius',180701929,'1'),(826,'Risa',180701102,'4'),(827,'Ava',180701670,'3'),(828,'Garland',180701041,'3'),(829,'Brittney',180701060,'2'),(830,'Denise',180701510,'4'),(831,'Harald',180701687,'4'),(832,'Claudine',180701076,'2'),(833,'Orella',180701404,'1'),(834,'Patsy',180701525,'1'),(835,'Shaughn',180701006,'2'),(836,'Darby',180701060,'3'),(837,'Julee',180701537,'4'),(838,'Anni',180701407,'1'),(839,'Frasier',180701622,'4'),(840,'Jone',180701573,'4'),(841,'Natka',180701900,'4'),(842,'Marcy',180701837,'3'),(843,'Mareah',180701374,'4'),(844,'Jobie',180701511,'4'),(845,'Ingra',180701721,'4'),(846,'Rhoda',180701244,'3'),(847,'Oates',180701031,'3'),(848,'Elsworth',180701164,'1'),(849,'Tadd',180701257,'1'),(850,'Burty',180701704,'4'),(851,'Gordy',180701823,'4'),(852,'Mari',180701202,'1'),(853,'Arleta',180701644,'4'),(854,'Luciana',180701844,'3'),(855,'Carlye',180701699,'4'),(856,'Felicia',180701078,'2'),(857,'Angelita',180701004,'4'),(858,'Anna-diane',180701346,'3'),(859,'Eb',180701102,'4'),(860,'Claudette',180701571,'1'),(861,'Tallia',180701559,'2'),(862,'Norrie',180701754,'4'),(863,'Edgardo',180701651,'1'),(864,'Carmen',180701515,'3'),(865,'Hillyer',180701458,'2'),(866,'Shellysheldon',180701990,'4'),(867,'Cary',180701171,'3'),(868,'Loydie',180701143,'2'),(869,'Arlen',180701625,'3'),(870,'Duane',180701609,'1'),(871,'Armand',180701626,'1'),(872,'Chrissy',180701504,'1'),(873,'Brook',180701479,'3'),(874,'Colan',180701109,'3'),(875,'Ernst',180701637,'4'),(876,'Constanta',180701958,'2'),(877,'Jacquelyn',180701093,'2'),(878,'Law',180701881,'3'),(879,'Waylon',180701294,'1'),(880,'Darnall',180701654,'2'),(881,'Benedikt',180701743,'1'),(882,'Fredrika',180701597,'3'),(883,'Linet',180701439,'4'),(884,'Mattie',180701125,'1'),(885,'Xymenes',180701505,'3'),(886,'Tarah',180701433,'4'),(887,'Felicle',180701451,'3'),(888,'Barnaby',180701921,'1'),(889,'Galina',180701311,'4'),(890,'Lewiss',180701163,'1'),(891,'Reggis',180701597,'3'),(892,'Eberto',180701285,'3'),(893,'Tuesday',180701836,'4'),(894,'Rowen',180701340,'3'),(895,'Alistair',180701790,'2'),(896,'Alissa',180701089,'3'),(897,'Dolf',180701689,'3'),(898,'Winonah',180701000,'4'),(899,'Rogers',180701462,'3'),(900,'Bart',180701017,'1'),(901,'Maye',180701106,'4'),(902,'Cris',180701054,'4'),(903,'Marillin',180701590,'4'),(904,'Marsha',180701636,'3'),(905,'Edward',180701887,'2'),(906,'Ivory',180701679,'1'),(907,'Alonzo',180701144,'4'),(908,'Purcell',180701561,'2'),(909,'Aldo',180701773,'3'),(910,'Kinny',180701547,'3'),(911,'Shurwood',180701429,'4'),(912,'Eugenie',180701295,'3'),(913,'Obadias',180701213,'1'),(914,'Franz',180701877,'2'),(915,'Lacy',180701203,'3'),(916,'Andres',180701366,'3'),(917,'Ase',180701106,'1'),(918,'Anna',180701583,'2'),(919,'Thomasina',180701888,'2'),(920,'Daveen',180701953,'1'),(921,'Patrica',180701031,'1'),(922,'Cherie',180701775,'4'),(923,'Alexio',180701804,'2'),(924,'Anna',180701652,'4'),(925,'Kiah',180701441,'4'),(926,'Eal',180701657,'3'),(927,'Brooks',180701125,'4'),(928,'Thor',180701688,'2'),(929,'Gregorio',180701484,'4'),(930,'Shanta',180701787,'1'),(931,'Letitia',180701763,'1'),(932,'Kendell',180701506,'3'),(933,'Wilek',180701300,'2'),(934,'Angy',180701704,'2'),(935,'Lucinda',180701318,'3'),(936,'Del',180701621,'4'),(937,'Gwenora',180701074,'1'),(938,'Van',180701036,'1'),(939,'Sumner',180701778,'3'),(940,'Emelda',180701926,'4'),(941,'Bruce',180701699,'1'),(942,'Brandea',180701225,'2'),(943,'Heather',180701567,'3'),(944,'Manfred',180701578,'1'),(945,'Mandel',180701222,'1'),(946,'Heath',180701674,'2'),(947,'Hendrika',180701121,'1'),(948,'Mikaela',180701633,'4'),(949,'Boniface',180701027,'4'),(950,'Janean',180701571,'4'),(951,'Shepard',180701304,'3'),(952,'Colette',180701370,'4'),(953,'Zelda',180701901,'3'),(954,'Jerrilyn',180701952,'2'),(955,'Ashton',180701672,'4'),(956,'Jared',180701909,'3'),(957,'Aubrie',180701576,'2'),(958,'Wanids',180701258,'1'),(959,'Rochell',180701678,'2'),(960,'Raquela',180701735,'3'),(961,'Scot',180701205,'3'),(962,'Rickard',180701859,'2'),(963,'Sallyanne',180701772,'1'),(964,'Trudie',180701953,'1'),(965,'Montgomery',180701038,'1'),(966,'Janenna',180701233,'3'),(967,'Lacey',180701724,'1'),(968,'Ev',180701058,'2'),(969,'Brandon',180701471,'3'),(970,'Aila',180701504,'1'),(971,'Cullin',180701107,'3'),(972,'Raddie',180701012,'3'),(973,'Elliott',180701902,'2'),(974,'Tyrus',180701082,'4'),(975,'Cristie',180701852,'1'),(976,'Tony',180701448,'4'),(977,'Yvor',180701129,'3'),(978,'Rudolfo',180701621,'1'),(979,'Godart',180701185,'1'),(980,'Kelila',180701993,'4'),(981,'Micki',180701522,'4'),(982,'Tove',180701524,'2'),(983,'Katerine',180701591,'3'),(984,'Elysha',180701664,'1'),(985,'Aldin',180701002,'3'),(986,'Miran',180701294,'1'),(987,'Kendal',180701599,'3'),(988,'Anallise',180701926,'1'),(989,'Bria',180701939,'1'),(990,'Josephine',180701430,'4'),(991,'Adolpho',180701974,'1'),(992,'Aeriel',180701445,'2'),(993,'Amitie',180701398,'2'),(994,'Alyson',180701329,'3'),(995,'Lucinda',180701954,'4'),(996,'Tye',180701632,'2'),(997,'Adelheid',180701867,'4'),(998,'Laurie',180701654,'1'),(999,'Menard',180701105,'2'),(1000,'Fiann',180701868,'4');
/*!40000 ALTER TABLE `student` ENABLE KEYS */;
UNLOCK TABLES;

--
-- Table structure for table `student_exam`
--

DROP TABLE IF EXISTS `student_exam`;
/*!40101 SET @saved_cs_client     = @@character_set_client */;
/*!50503 SET character_set_client = utf8mb4 */;
CREATE TABLE `student_exam` (
  `id` int NOT NULL,
  `student_id` int DEFAULT NULL,
  `exam_id` int DEFAULT NULL,
  `marks_scored` int DEFAULT NULL,
  PRIMARY KEY (`id`),
  UNIQUE KEY `UC_Person` (`student_id`,`exam_id`)
) ENGINE=InnoDB DEFAULT CHARSET=utf8mb4 COLLATE=utf8mb4_0900_ai_ci;
/*!40101 SET character_set_client = @saved_cs_client */;

--
-- Dumping data for table `student_exam`
--

LOCK TABLES `student_exam` WRITE;
/*!40000 ALTER TABLE `student_exam` DISABLE KEYS */;
INSERT INTO `student_exam` VALUES (1,27,44,51),(2,811,10,59),(3,575,3,50),(4,582,8,72),(5,764,26,35),(6,53,13,68),(7,385,46,48),(8,734,36,80),(9,550,30,65),(10,287,47,72),(11,744,20,82),(12,861,9,45),(13,859,28,84),(14,621,9,96),(15,676,14,52),(16,445,5,75),(17,200,3,89),(18,207,12,53),(19,802,31,38),(20,189,18,91),(21,567,23,51),(22,965,50,31),(23,942,47,42),(24,588,41,74),(25,672,10,39),(26,177,31,78),(27,617,43,37),(28,841,3,97),(29,384,17,94),(30,573,32,43),(31,14,13,60),(32,310,17,82),(33,191,37,38),(34,178,41,90),(35,600,37,68),(36,767,35,61),(37,527,31,83),(38,893,2,100),(39,321,50,80),(40,48,34,36),(41,206,23,96),(42,25,40,47),(43,812,44,69),(44,572,33,70),(45,847,15,38),(46,478,28,35),(47,524,50,45),(48,574,13,74),(49,188,37,80),(50,606,47,43),(51,506,11,61),(52,184,47,46),(53,819,18,98),(54,654,2,48),(55,252,4,99),(56,253,13,33),(57,77,37,60),(58,314,20,75),(59,204,45,79),(60,954,31,48),(61,493,9,71),(62,369,48,92),(63,273,39,64),(64,511,7,97),(65,157,9,73),(66,792,34,93),(67,325,38,50),(68,602,36,79),(69,481,7,39),(70,57,44,90),(71,1,13,73),(72,241,39,76),(73,557,27,57),(74,948,14,40),(75,828,28,89),(76,347,4,36),(77,511,2,90),(78,617,4,65),(79,671,19,69),(80,223,39,64),(81,384,6,66),(82,740,43,33),(83,198,31,39),(84,916,25,71),(85,128,7,46),(86,595,32,56),(87,186,40,56),(88,785,45,63),(89,379,1,70),(90,779,7,83),(91,827,20,99),(92,435,5,84),(93,657,49,96),(94,258,5,73),(95,67,38,50),(96,356,27,81),(97,139,41,59),(98,8,4,66),(99,224,9,35),(100,779,13,82),(101,34,36,36),(102,879,14,72),(103,289,46,96),(104,990,34,77),(105,611,16,70),(106,681,46,45),(107,779,27,90),(108,876,28,50),(109,510,36,83),(110,859,45,87),(111,320,33,94),(112,942,32,51),(113,392,40,97),(114,866,38,58),(115,785,40,81),(116,779,22,58),(117,330,49,100),(118,907,49,59),(119,170,33,47),(120,258,46,97),(121,123,13,98),(122,292,26,77),(123,487,17,81),(124,885,40,56),(125,650,34,62),(126,384,32,90),(127,920,18,100),(128,726,26,67),(129,261,37,30),(130,196,2,39),(131,522,35,88),(132,384,21,75),(133,187,4,51),(134,165,12,46),(135,690,48,50),(136,670,17,55),(137,126,38,30),(138,507,3,39),(139,589,44,54),(140,338,45,60),(141,796,24,92),(142,456,26,44),(143,642,19,95),(144,599,40,31),(145,965,26,80),(146,493,34,72),(147,261,42,97),(148,157,37,76),(149,704,30,62),(150,876,44,83),(151,840,10,40),(152,446,21,71),(153,354,17,69),(154,443,19,86),(155,518,40,74),(156,755,19,61),(157,337,35,32),(158,497,11,83),(159,401,29,59),(160,695,25,87),(161,87,13,51),(162,46,48,32),(163,948,40,35),(164,341,27,34),(165,478,6,34),(166,67,35,51),(167,779,1,90),(168,155,45,90),(169,785,50,99),(170,692,4,68),(171,996,5,87),(172,438,39,71),(173,351,42,96),(174,458,31,80),(175,297,33,78),(176,586,10,37),(177,20,3,52),(178,638,35,33),(179,659,4,36),(180,396,31,76),(181,650,6,55),(182,549,37,44),(183,860,2,57),(184,96,32,76),(185,63,18,53),(186,195,4,80),(187,962,26,42),(188,420,47,39),(189,376,45,98),(190,288,44,88),(191,363,25,100),(192,950,45,40),(193,768,40,77),(194,38,11,45),(195,277,15,56),(196,566,26,99),(197,700,16,71),(198,374,9,75),(199,234,49,91),(200,594,6,41),(201,933,2,94),(202,218,38,31),(203,408,17,80),(204,15,41,76),(205,586,13,44),(206,184,14,50),(207,687,5,55),(208,450,36,92),(209,453,39,55),(210,540,18,61),(211,258,8,91),(212,85,49,78),(213,793,3,86),(214,184,4,70),(215,490,19,75),(216,139,9,89),(217,570,22,42),(218,840,42,99),(219,262,48,67),(220,443,23,63),(221,152,41,32),(222,689,50,46),(223,375,36,96),(224,465,3,41),(225,802,33,71),(226,881,48,65),(227,65,11,36),(228,609,4,30),(229,236,15,41),(230,208,8,68),(231,650,27,37),(232,887,25,54),(233,381,37,73),(234,997,44,98),(235,317,43,52),(236,984,4,79),(237,279,16,90),(238,506,50,54),(239,934,11,47),(240,821,9,31),(241,137,36,70),(242,59,37,58),(243,957,35,69),(244,804,32,78),(245,559,3,67),(246,251,27,83),(247,874,20,30),(248,461,6,55),(249,660,10,61),(250,299,23,38),(251,889,19,77),(252,263,20,76),(253,352,2,97),(254,441,16,72),(255,411,36,80),(256,315,41,97),(257,740,11,95),(258,696,32,42),(259,738,29,77),(260,517,40,32),(261,237,27,49),(262,159,32,66),(263,836,47,81),(264,493,39,78),(265,101,16,68),(266,704,38,49),(267,423,24,52),(268,136,21,61),(269,489,23,67),(270,383,17,60),(271,209,22,37),(272,439,47,60),(273,647,22,62),(274,837,16,64),(275,495,19,78),(276,825,39,63),(277,932,37,86),(278,782,17,51),(279,743,45,41),(280,17,19,73),(281,552,2,98),(282,900,4,88),(283,967,12,54),(284,382,47,73),(285,258,21,38),(286,105,35,68),(287,182,39,67),(288,194,8,95),(289,471,29,40),(290,210,38,91),(291,977,12,40),(292,204,37,41),(293,182,17,96),(294,252,24,69),(295,670,7,77),(296,445,24,87),(297,212,11,32),(298,281,31,56),(299,763,6,69),(300,704,27,51),(301,762,2,45),(302,369,2,41),(303,607,6,98),(304,701,50,92),(305,256,46,78),(306,305,47,70),(307,5,40,90),(308,217,42,89),(309,726,36,49),(310,621,16,94),(311,854,5,69),(312,798,8,50),(313,954,44,70),(314,627,34,37),(315,480,47,62),(316,349,50,54),(317,994,38,96),(318,478,39,62),(319,899,34,67),(320,748,24,74),(321,80,43,67),(322,657,3,79),(323,24,23,62),(324,324,31,96),(325,576,7,69),(326,598,44,30),(327,910,34,42),(328,964,40,71),(329,146,3,73),(330,322,26,71),(331,873,41,53),(332,421,32,38),(333,982,37,68),(334,997,21,35),(335,559,4,100),(336,558,4,33),(337,830,33,71),(338,475,31,30),(339,494,40,64),(340,382,35,85),(341,146,30,53),(342,471,9,68),(343,649,49,78),(344,700,13,98),(345,396,13,81),(346,807,43,96),(347,714,47,85),(348,373,26,38),(349,333,18,86),(350,34,30,57),(351,154,19,37),(352,650,33,75),(353,487,1,73),(354,104,7,93),(355,752,24,39),(356,217,5,96),(357,717,16,32),(358,403,10,37),(359,366,33,93),(360,750,46,100),(361,833,27,98),(362,567,27,94),(363,243,15,89),(364,208,4,42),(365,390,48,35),(366,50,41,97),(367,913,14,37),(368,554,41,59),(369,61,36,73),(370,715,4,44),(371,160,22,30),(372,374,26,93),(373,450,44,91),(374,77,22,51);
/*!40000 ALTER TABLE `student_exam` ENABLE KEYS */;
UNLOCK TABLES;

--
-- Table structure for table `subject`
--

DROP TABLE IF EXISTS `subject`;
/*!40101 SET @saved_cs_client     = @@character_set_client */;
/*!50503 SET character_set_client = utf8mb4 */;
CREATE TABLE `subject` (
  `id` int NOT NULL,
  `name` varchar(50) DEFAULT NULL,
  `teacher_id` int DEFAULT NULL,
  PRIMARY KEY (`id`)
) ENGINE=InnoDB DEFAULT CHARSET=utf8mb4 COLLATE=utf8mb4_0900_ai_ci;
/*!40101 SET character_set_client = @saved_cs_client */;

--
-- Dumping data for table `subject`
--

LOCK TABLES `subject` WRITE;
/*!40000 ALTER TABLE `subject` DISABLE KEYS */;
INSERT INTO `subject` VALUES (1,'Rhea americana',1),(2,'Stercorarius longicausus',2),(3,'Streptopelia senegalensis',3),(4,'Phoeniconaias minor',4),(5,'Aonyx cinerea',5),(6,'Aonyx capensis',6),(7,'Cyrtodactylus louisiadensis',7),(8,'unavailable',8),(9,'Dicrostonyx groenlandicus',9),(10,'Propithecus verreauxi',10);
/*!40000 ALTER TABLE `subject` ENABLE KEYS */;
UNLOCK TABLES;

--
-- Table structure for table `teacher`
--

DROP TABLE IF EXISTS `teacher`;
/*!40101 SET @saved_cs_client     = @@character_set_client */;
/*!50503 SET character_set_client = utf8mb4 */;
CREATE TABLE `teacher` (
  `id` int DEFAULT NULL,
  `name` varchar(50) DEFAULT NULL,
  `qualification` varchar(9) DEFAULT NULL
) ENGINE=InnoDB DEFAULT CHARSET=utf8mb4 COLLATE=utf8mb4_0900_ai_ci;
/*!40101 SET character_set_client = @saved_cs_client */;

--
-- Dumping data for table `teacher`
--

LOCK TABLES `teacher` WRITE;
/*!40000 ALTER TABLE `teacher` DISABLE KEYS */;
INSERT INTO `teacher` VALUES (1,'Babs','professor'),(2,'Cammi','graduate'),(3,'Mick','doctor'),(4,'Tawsha','doctor'),(5,'Lisa','master'),(6,'Courtnay','doctor'),(7,'Meyer','graduate'),(8,'Diena','doctor'),(9,'Kata','doctor'),(10,'Franny','master');
/*!40000 ALTER TABLE `teacher` ENABLE KEYS */;
UNLOCK TABLES;
/*!40103 SET TIME_ZONE=@OLD_TIME_ZONE */;

/*!40101 SET SQL_MODE=@OLD_SQL_MODE */;
/*!40014 SET FOREIGN_KEY_CHECKS=@OLD_FOREIGN_KEY_CHECKS */;
/*!40014 SET UNIQUE_CHECKS=@OLD_UNIQUE_CHECKS */;
/*!40101 SET CHARACTER_SET_CLIENT=@OLD_CHARACTER_SET_CLIENT */;
/*!40101 SET CHARACTER_SET_RESULTS=@OLD_CHARACTER_SET_RESULTS */;
/*!40101 SET COLLATION_CONNECTION=@OLD_COLLATION_CONNECTION */;
/*!40111 SET SQL_NOTES=@OLD_SQL_NOTES */;

-- Dump completed on 2021-04-23 22:05:32
